n_train,n_val,n_test,seed,pos_acc,neg_acc,overall_acc,best_epoch,model_type
1000,500,1000,0,0.4123078898498506,0.5788091285348771,0.5733145885895937,3,attention_mlp
1000,500,1000,1,0.4911887858595167,0.5997775403412463,0.5982572972262278,4,attention_mlp
2000,500,1000,0,0.5837140475158338,0.6159551229743327,0.6150846117427573,12,attention_mlp
2000,500,1000,1,0.4860435613879451,0.6257677132003311,0.6219951610045391,5,attention_mlp
5000,500,1000,0,0.677256000669379,0.6730666310278648,0.673146229124628,6,attention_mlp
5000,500,1000,1,0.6565938397095754,0.668207574004185,0.667905615459662,7,attention_mlp
7000,500,1000,0,0.5987639272442231,0.6651166799531779,0.6633915053065866,8,attention_mlp
7000,500,1000,1,0.7105442867392585,0.6633243099524734,0.6643159281685949,8,attention_mlp
